"University of the District of Columbia, David A. Clarke School of Law",District of Columbia,Adelaide,Air Force,Albany,American Bar Association,ABA,American Intellectual Property Law Association,American Law Institute,Journal of the American Medical Association,American Medical Association,"American Society of Composers, Authors & Publishers",American University,Boston College,Boston University,Brigham Young University,Brooklyn,Buffalo,California (California Law Review only),Capital,Chapman,Chartered Life Underwriters,Cincinnati,City University of New York,Cleveland,Columbia,Cumberland,Dartmouth,Denver,Detroit,Dickinson,Duquesne,Florida International University,Foreign Broadcast Information Service,George Mason,George Washington,Georgetown,Gonzaga,Harvard,Howard,John Marshall,Judge Advocate General,Judge Advocate General's,Las Vegas,Lawyers Reports Annotated,Loyola,Marquette,Melbourne,Memphis,New England,New York University,New York University School of Law,Pepperdine,Pittsburgh,Richmond,Rocky Mountain Mineral Law Institute,Saint Louis,San Fernando Valley,Southern Methodist University,Stanford,Temple,Thomas Jefferson,Thomas M. Cooley,Thurgood Marshall,Toledo,Tulane,Universidad de Puerto Rico,University of California - Los Angeles,University of California,University of Missouri Kansas City,University of West Los Angeles,Valparaiso,Vanderbilt,Villanova,Washington & Lee,William & Mary,William Mitchell,Academics,Adademic,Academies,Academy,Accountancy,Accounting,Accountant,Accounts,Account,Administrative,Administration,Administrators,Administrator,Administratrix,Advertising,Affair,Africans,African,Africa,Agricultural,Agriculture,Alliances,Alliance,Alternatives,Alternative,Americans,American,America,And,Annual,Appellate,Arbitrator,Arbitration,Artificial Intelligence,Associates,Associate,Associations,Association,Atlantic,Attorneys,Attorney,Authorities,Authority,Automobiles,Automobile,Automotive,Avenues,Avenue,Bankruptcy,Behavioral,Behavior,Boards,Board,British,Broadcasting,Broadcasters,Broadcaster,Broadcasts,Broadcast,Brotherhoods,Brotherhood,Brothers,Buildings,Building,Businesses,Business,Capitals,Capital,Casualties,Casualty,Catholics,Catholic,Center,Centre,Central,Chemicals,Chemical,Children,Chronicles,Chronicle,Circuit,Civil Liberties,Civil Liberty,Civil Rights,Civil,Coalition,Colleges,College,Commerce,Commercial,Commissioner,Commissions,Commission,Committees,Committee,Communications,Communication,Communities,Community,Companies,Company,Comparative,Compensation,Computers,Computer,Condominiums,Condominium,Conferences,Conference,Congressional,Congress,Consolidated,Constitutional,Constitution,Constructions,Construction,Contemporary,Continental,Contracts,Contracting,Contract,Conveyancer,Conveyances,Conveyance,Cooperatives,Cooperative,Cooperatives,Cooperative,Corporate,Corporations,Corporation,Corrections,Correctional,Correction,Cosmetic,Counselor's,Counselors,Counselor,Counties,County,Courts,Court,Criminals,Criminal,Defenders,Defender,Defense,Defend,Delinquent,Delinquency,Departments,Department,Detention,Developments,Developers,Developer,Development,Digital,Diplomacy,Directors,Director,Discounts,Discount,Disputes,Dispute,Distributor,Distributing,Distribution,Districts,District,Divisions,Division,Doctors,Doctor,Eastern,East,Economical,Economics,Economic,Economy,Editorial,Editor,Educational,Education,Electronics,Electronic,Electrical,Electricity,Electric,Employment,Employees,Employee,Employers,Employer,Employ,Engineering,Engineers,Engineer,English,Enterprises,Enterprise,Entertainments,Entertainment,Environmental,Environment,Equality,Equipments,Equipment,Estate,European,Europe,Examiners,Examiner,Exchanges,Exchange,Executives,Executive,Executors,Executor,Executrix,Explorations,Exploratory,Exploration,Exporters,Exporter,Exportation,Export,Faculties,Faculty,Families,Family,Federal,Federation,Fidelity,Finances,Financing,Financial,Finance,Fortnightly,Forum,Foundations,Foundation,Generals,General,Global,Governments,Government,Groups,Group,Guaranties,Guarantors,Guarantor,Guaranty,Hispanics,Hispanic,Historical,Historically,Housing,Humanity,Humans,Human,Immigration,Importers,Imports,Importer,Importation,Import,Incorporated,Indemnity,Independence,Independent,Industrial,Industries,Industry,Inequality,Information,Injuries,Injury,Institutions,Institutes,Institution,Institute,Insurances,Insurance,Intellectuals,Intellectual,Intelligence,Interdisciplinary,Interests,Interest,International,Investors,Investments,Investor,Investment,Journals,Journal,Judicial,Juridical,Jurisprudence,Justices,Justice,Juveniles,Juvenile,Laboratories,Laboratory,Labor,Lawyers,Lawyer,Legislation,Legislative,Liability,Libraries,Librarians,Library,Librarian,Limited,Litigation,Local,Machinery,Machines,Machine,Maintenance,Management,Manufacturers,Manufacturer,Manufacturing,Maritime,Markets,Marketing,Market,Matrimonial,Mechanical,Mechanics,Mechanic,Medical,Medicinal,Medicine,Memorial,Merchandising,Merchandise,Merchants,Merchant,Metropolitan,Military,Mineral,Modern,Mortgages,Mortgage,Municipality,Municipal,Mutual,Transnational,National,Nationality,Natural,Negligence,Negotiation,Negotiator,Newsletter,North Carolina,North Dakota,Northeastern,Northeast,Northwestern,Northwest,Northern,North,Numbers,Number,Officials,Official,Offices,Office,Opinions,Opinion,Order,Organizing,Organizations,Organization,Pacific,Parishes,Parish,Partnerships,Partnership,Patent,Personnel,Personal,Person,Pharmaceuticals,Pharmaceutical,Pharmaceutic,Philosophical,Philosophies,Philosophy,Planning,Policy,Politics,Political,Politic,Practices,Practical,Practitioner,Practice,Preservation,Preserves,Preserve,Privacy,Private,Probation,Probate,Problems,Proceedings,Procedure,Production,Product,Professional,Profession,Properties,Property,Protection,Psychologists,Psychological,Pyschologist,Psychology,Public,Publications,Publication,Publishing,Quarterly,Railroad,Railways,Railway,Records,Record,Referee,Refining,Refinement,Regional,Registers,Register,Regulatory,Regulator,Regulations,Regulation,Rehabilitative,Rehabilitation,Relations,Relation,Reporters,Reporter,Reports,Report,Reproduction,Reproductive,Research,Reservations,Reservation,Reserve,Resolutions,Resolution,Resources,Resource,Responsibility,Restaurants,Restaurant,Retirement,Review,Revista,Rights,Roads,Road,Savings,Schools,School,Sciences,Science,Scientific,Scottish,Secretaries,Secretary,Securities,Securities,Sentencing,Services,Service,Shareholders,Stockholders,Sharholder,Stockholder,Social,Societies,Society,Solutions,Sociological,Sociology,Solicitors,Solicitor,Solution,South Carolina,South Dakota,Southern,Southeastern,Southeast,Southwestern,Southwest,South,Statistics,Statistical,Steamships,Steamship,Streets,Street,Subcommittees,Subcommittee,Supreme Court,Sureties,Surety,Symposiums,Symposium,Systems,System,Taxation,Teachers,Teacher,Techniques,Technique,Technology,Technological,Technical,Telecommunication,Telephones,Telegraphs,Telephone,Telegraph,Temporary,Townships,Township,Transcontinental,Transportation,Transport,Tribune,Trustees,Trustee,Trust,Turnpike,Uniforms,Uniform,United States Code,U.S. Code,United States,Universities,University,Urban,Utility,Villages,Village,Weeks,Week,Weekly,Western,West,Year Book,Yearbook,Alabama,Alaska,Arizona,Arkansas,California,Colorado,Connecticut,Delaware,Florida,Georgia,Hawaii,Idaho,Illinois,Indiana,Iowa,Kansas,Kentucky,Louisiana,Maine,Maryland,Massachussetts,Michigan,Minnesota,Mississippi,Missouri,Montana,Nebraska,Nevada,New Hampshire,New Jersey,New Mexico,New York,Ohio,Oklahoma,Oregon,Pennsylvania,Rhode Island,Tennessee,Texas,Utah,Vermont,Washington,Wisconsin,Wyoming,Baltimore,Boston,Chicago,Dallas,Houston,Los Angeles,Philadelphia,Phoenix,San Francisco,Samoa,Guam,Mariana Islands,Puerto Rico,Virgin Islands,January,February,Febuary,March,April,May,June,Jul.,August,September,October,November,December,2nd,3rd,Circuit,S.Ct.,F. 2d,F. 3d,F.Supp.2d,F.Supp.3d,F.Supp.,A. 2d,A. 3d,N.E. 2d,N.E. 3d,N.W.2d,P. 2d,P. 3d,S.E. 2d,So.2d,So.3d
UDC/DCSL,D.C.,Adel.,A.F.,Alb.,A.B.A.,A.B.A.,AIPLA,A.L.I.,JAMA,AMA,ASCAP,Am. U.,B.C.,B.U.,BYU,Brook.,Buff.,Calif.,Cap.,Chap.,C.L.U.,Cin.,CUNY,Clev.,Colum.,Cumb.,Dart.,Denv.,Det.,Dick.,Duq.,FIU,F.B.I.S.,Geo. Mason,Geo. Wash.,Geo.,Gonz.,Harv.,How.,J. Marshall,JAG,JAG,L.V.,L.R.A.,Loy.,Marq.,Melb.,Mem.,New Eng.,N.Y.U.,N.Y.U.,Pepp.,Pitt.,Rich.,Rocky Mtn. Min. L. Inst.,St. Louis,San Fern. V.,SMU,Stan.,Temp.,T. Jefferson,T.M. Cooley,T. Marshall,Tol.,Tul.,U. P.R.,UCLA,U.C.,UMKC,UWLA,Val.,Vand.,Vill.,Wash. & Lee,Wm. & Mary,Wm. Mitchell,Acads.,Acad.,Acads.,Acad.,Acct.,Acct.,Acct.,Accts.,Acct.,Admin.,Admin.,Adm'rs,Adm'r,Adm'x,Advert.,Aff.,Afrs.,Afr.,Afr.,Agric.,Agric.,Alls.,All.,Alts.,Alt.,Ams.,Am.,Am.,&,Ann.,App.,Arb.,Arb.,A.I.,Assocs.,Assoc.,Ass'ns,Ass'n,Atl.,Att'ys,Att'y,Auths.,Auth.,Autos.,Auto.,Auto.,Aves.,Ave.,Bankr.,Behav.,Behav.,Bds.,Bd.,Brit.,Broad.,Broads.,Broad.,Broads.,Broad.,Bhds.,Bhd.,Bros.,Bldgs.,Bldg.,Bus.,Bus.,Caps.,Cap.,Cas.,Cas.,Caths.,Cath.,Ctr.,Ctr.,Cent.,Chems.,Chem.,Child.,Chrons.,Chron.,Cir.,C.L.,C.L.,C.R.,Civ.,Coal.,Colls.,Coll.,Com.,Com.,Comm'r,Comm'ns,Comm'n,Comms.,Comm.,Commc'ns,Commc'n,Cmtys.,Cmty.,Cos.,Co.,Compar.,Comp.,Computs.,Comput.,Condos.,Condo.,Confs.,Conf.,Cong.,Cong.,Consol.,Const.,Const.,Constrs.,Constr.,Contemp.,Cont'l,Conts.,Cont.,Cont.,Conv.,Convs.,Conv.,Coops.,Coop.,Coops.,Coop.,Corp.,Corps.,Corp.,Corr.,Corr.,Corr.,Cosm.,Couns.,Couns.,Couns.,Cntys.,Cnty.,Cts.,Ct.,Crims.,Crim.,Defs.,Def.,Def.,Def.,Delinq.,Delinq.,Dep'ts,Dep't,Det.,Devs.,Devs.,Dev.,Dev.,Digit.,Dipl.,Dirs.,Dir.,Discs.,Disc.,Disps.,Disp.,Distrib.,Distrib.,Distrib.,Dists.,Dist.,Divs.,Div.,Drs.,Dr.,E.,E.,Econ.,Econ.,Econ.,Econ.,Ed.,Ed.,Educ.,Educ.,Elecs.,Elec.,Elec.,Elec.,Elec.,Emp.,Emps.,Emp.,Emps.,Emp.,Emp.,Eng'g,Eng'rs,Eng'r,Eng.,Enters.,Enter.,Ents.,Ent.,Env't,Env't,Equal.,Equips.,Equip.,Est.,Eur.,Eur.,Exam'rs,Exam'r,Exchs.,Exch.,Execs.,Exec.,Ex'rs,Ex'r,Ex'x,Expls.,Expl.,Expl.,Exps.,Exp.,Exp.,Exp.,Facs.,Fac.,Fams.,Fam.,Fed.,Fed'n,Fid.,Fins.,Fin.,Fin.,Fin.,Fort.,F.,Founds.,Found.,Gens.,Gen.,Glob.,Gov'ts,Gov't,Grps.,Grp.,Guars.,Guars.,Guar.,Guar.,Hisps.,Hisp.,Hist.,Hist.,Hous.,Human.,Hums.,Hum.,Immigr.,Imps.,Imps.,Imp.,Imp.,Imp.,Inc.,Indem.,Indep.,Indep.,Indus.,Indus.,Indus.,Ineq.,Info.,Injs.,Inj.,Insts.,Insts.,Inst.,Inst.,Insurances,Ins.,Intells.,Intell.,Intel.,Interdisc.,Ints.,Int.,Int'l,Invs.,Invs.,Inv.,Inv.,J.,J.,Jud.,Jurid.,Juris.,Justs.,Just.,Juvs.,Juv.,Labs.,Lab.,Lab.,Laws,Law.,Legis.,Legis.,Liab.,Librs.,Librs.,Libr.,Libr.,Ltd.,Litig.,Loc.,Mach.,Machs.,Mach.,Maint.,Mgmt.,Mfrs.,Mfr.,Mfg.,Mar.,Mkts.,Mktg.,Mkt.,Matrim.,Mech.,Mechs.,Mech.,Med.,Med.,Med.,Mem'l,Merch.,Merch.,Merchs.,Merch.,Metro.,Mil.,Min.,Mod.,Mortgs.,Mortg.,Mun.,Mun.,Mut.,Transnat'l,Nat'l,Nat'y,Nat.,Negl.,Negot.,Negot.,Newsl.,N.C.,N.D.,Ne.,Ne.,Nw.,Nw.,N.,N.,Nos.,No.,Offs.,Off.,Off.,Off.,Ops.,Op.,Ord.,Org.,Orgs.,Org.,Pac.,Pars.,Par.,P'ships,P'ship,Pat.,Pers.,Pers.,Pers.,Pharm.,Pharm.,Pharm.,Phil.,Phils.,Phil.,Plan.,Pol'y,Pol.,Pol.,Pol.,Pracs.,Prac.,Prac.,Prac.,Pres.,Press.,Pres.,Priv.,Priv.,Prob.,Prob.,Probs.,Proc.,Proc.,Prod.,Prod.,Pro.,Pro.,Props.,Prop.,Prot.,Psychs.,Psych.,Psych.,Psych.,Pub.,Publ'ns,Publ'n,Publ'g,Q.,R.R.,Rys.,Ry.,Recs.,Rec.,Ref.,Refin.,Refin.,Reg'l,Regs.,Reg.,Regul.,Regul.,Reguls.,Regul.,Rehab.,Rehab.,Rels.,Rel.,Reps.,Reps.,Rep.,Rep.,Reprod.,Reprod.,Rsch.,Rsrvs.,Rsrv.,Rsrv.,Resols.,Resol.,Res.,Res.,Resp.,Rests.,Rest.,Ret.,Rev.,Rev.,Rts.,Rds.,Rd.,Sav.,Sch.,Sch.,Scis.,Sci.,Sci.,Scot.,Sec'ys,Sec'y,Sec.,Sec.,Sent'g,Servs.,Serv.,S'holders,S'holders,S'holder,S'holder,Soc.,Soc'ys,Soc'y,Sols.,Socio.,Socio.,Solic.,Solic.,Sol.,S.C.,S.D.,S.,Se.,Se.,Sw.,Sw.,S.,Stat.,Stat.,S.S.,S.S.,Sts.,St.,Subcomms.,Subcomm.,Sup. Ct.,Surs.,Sur.,Symps.,Symp.,Sys.,Sys.,Tax'n,Tchrs.,Tchr.,Techs.,Tech.,Tech.,Tech.,Tech.,Telecomm.,Tels.,Tels.,Tel.,Tel.,Temp.,Twps.,Twp.,Transcon.,Transp.,Trans.,Trib.,Trs.,Tr.,Tr.,Tpk.,Unifs.,Unif.,U.S.C.,U.S.C.,U.S.,Univs.,Univ.,Urb.,Util.,Vills.,Vill.,Wks.,Wk.,Wkly.,W.,W.,Y.B.,Y.B.,Ala.,Alaska,Ariz.,Ark.,Cal.,Colo.,Conn.,Del.,Fla.,Ga.,Haw.,Idaho,Ill.,Ind.,Iowa,Kan.,Ky.,La.,Me.,Md.,Mass.,Mich.,Minn.,Miss.,Mo.,Mont.,Neb.,Nev.,N.H.,N.J.,N.M.,N.Y.,Ohio,Okla.,Or.,Pa.,R.I.,Tenn.,Tex.,Utah,Vt.,Wash.,Wis.,Wyo.,Balt.,Bos.,Chi.,Dall.,Hous.,L.A.,Phila.,Phx.,S.F.,Sam.,Guam,Mar. I.,P.R.,V.I.,Jan.,Feb.,Feb.,Mar.,Apr.,May,June,July,Aug.,Sept.,Oct.,Nov.,Dec.,2d,3d,Cir.,S. Ct.,F.2d,F.3d,F. Supp. 2d,F. Supp. 3d,F. Supp.,A.2d,A.3d,N.E.2d,N.E.3d,N.W. 2d,P.2d,P.3d,S.E.2d,So. 2d,So. 3d
